blackAdvantagePercent,spearmanCorrelation,meanAbsoluteRankError,averageTop8Retention,eloTop1OverallTop1ProbabilityPercent,mostPenalizedParticipant,mostPenalizedDelta,mostAdvantagedParticipant,mostAdvantagedDelta
50.00,0.961765,1.393750,7.300000,20.000000,玉,2.500000,ひよこ,-2.300000
60.00,0.970588,1.412500,6.300000,0.000000,飛,4.200000,ひよこ,-3.100000
70.00,0.229412,4.237500,3.900000,5.000000,金,6.800000,いのしし,-7.350000
80.00,-0.364706,5.750000,2.700000,0.000000,飛,8.000000,ひよこ,-8.350000
90.00,-0.554820,7.787500,0.900000,0.000000,飛,11.000000,ひよこ,-10.150000
100.00,-0.867722,8.000000,0.000000,0.000000,飛,11.500000,ひよこ,-11.500000
