blackAdvantagePercent,spearmanCorrelation,meanAbsoluteRankError,averageTop8Retention,eloTop1OverallTop1ProbabilityPercent,mostPenalizedParticipant,mostPenalizedDelta,mostAdvantagedParticipant,mostAdvantagedDelta
50.00,1.000000,1.232672,7.049165,22.307018,飛,2.666250,ひよこ,-2.636550
60.00,1.000000,1.504178,5.945995,22.252476,飛,3.172250,ひよこ,-3.196475
70.00,0.732353,3.577181,4.315235,14.962349,飛,4.796500,ひよこ,-4.807100
80.00,-0.505882,6.321137,2.201836,3.500639,飛,7.805100,ひよこ,-7.749500
90.00,-0.505882,7.878156,0.376602,0.036089,飛,10.229950,ひよこ,-10.216050
100.00,-0.867722,8.000000,0.000000,0.000000,飛,11.500000,ひよこ,-11.500000
