blackAdvantagePercent,spearmanCorrelation,meanAbsoluteRankError,averageTop8Retention,eloTop1OverallTop1ProbabilityPercent,mostPenalizedParticipant,mostPenalizedDelta,mostAdvantagedParticipant,mostAdvantagedDelta
50.00,0.923529,1.387500,7.100000,0.000000,飛,3.750000,うさぎ,-2.750000
60.00,0.976471,1.700000,5.800000,0.000000,飛,3.400000,ひよこ,-3.950000
70.00,0.550000,3.737500,4.000000,30.000000,玉,5.700000,ぞう,-5.050000
80.00,-0.182353,5.662500,2.900000,10.000000,飛,7.800000,うさぎ,-7.550000
90.00,-0.541176,7.850000,0.400000,0.000000,飛,10.100000,ひよこ,-10.650000
100.00,-0.867722,8.000000,0.000000,0.000000,飛,11.500000,ひよこ,-11.500000
