blackAdvantagePercent,spearmanCorrelation,meanAbsoluteRankError,averageTop8Retention,eloTop1OverallTop1ProbabilityPercent,mostPenalizedParticipant,mostPenalizedDelta,mostAdvantagedParticipant,mostAdvantagedDelta
50.00,0.902941,1.643750,7.100000,20.000000,飛,3.750000,ひよこ,-3.200000
60.00,0.955882,1.593750,6.300000,20.000000,飛,3.300000,いのしし,-3.950000
70.00,0.814706,2.737500,5.300000,20.000000,角,4.500000,ひよこ,-4.650000
80.00,-0.529412,6.487500,2.400000,10.000000,角,9.400000,ひよこ,-8.300000
90.00,-0.567647,7.650000,0.600000,0.000000,飛,10.000000,いのしし,-10.450000
100.00,-0.867722,8.000000,0.000000,0.000000,飛,11.500000,ひよこ,-11.500000
