blackAdvantagePercent,spearmanCorrelation,meanAbsoluteRankError,averageTop8Retention,eloTop1OverallTop1ProbabilityPercent,mostPenalizedParticipant,mostPenalizedDelta,mostAdvantagedParticipant,mostAdvantagedDelta
50.00,0.964706,1.400000,7.000000,10.000000,飛,2.600000,ひよこ,-2.400000
60.00,0.947059,1.806250,5.800000,0.000000,飛,3.550000,ひよこ,-4.400000
70.00,0.741176,2.962500,4.800000,15.000000,金,4.550000,ぞう,-5.250000
80.00,-0.179412,5.375000,3.300000,0.000000,玉,8.550000,いのしし,-5.950000
90.00,-0.588235,7.887500,0.500000,0.000000,角,10.500000,うさぎ,-10.100000
100.00,-0.867722,8.000000,0.000000,0.000000,飛,11.500000,ひよこ,-11.500000
