blackAdvantagePercent,spearmanCorrelation,meanAbsoluteRankError,averageTop8Retention,eloTop1OverallTop1ProbabilityPercent,mostPenalizedParticipant,mostPenalizedDelta,mostAdvantagedParticipant,mostAdvantagedDelta
50.00,0.932353,1.212500,7.000000,20.000000,角,1.800000,ひよこ,-4.250000
60.00,0.935294,1.506250,6.200000,30.000000,角,3.600000,うさぎ,-3.100000
70.00,0.676471,2.987500,4.800000,0.000000,角,5.100000,ひよこ,-6.750000
80.00,-0.338235,5.837500,2.800000,0.000000,角,8.050000,ひよこ,-9.350000
90.00,-0.544118,7.975000,0.200000,0.000000,飛,9.850000,ひよこ,-10.000000
100.00,-0.867722,8.000000,0.000000,0.000000,飛,11.500000,ひよこ,-11.500000
