blackAdvantagePercent,spearmanCorrelation,meanAbsoluteRankError,averageTop8Retention,eloTop1OverallTop1ProbabilityPercent,mostPenalizedParticipant,mostPenalizedDelta,mostAdvantagedParticipant,mostAdvantagedDelta
50.00,0.941176,1.506250,6.600000,18.333333,飛,2.050000,ひよこ,-2.750000
60.00,0.914706,1.712500,5.900000,10.000000,飛,5.200000,いぬ,-2.750000
70.00,0.650478,3.300000,4.600000,10.000000,玉,6.450000,ねこ,-5.450000
80.00,-0.308824,5.912500,2.800000,0.000000,飛,8.450000,いのしし,-8.950000
90.00,-0.559413,7.825000,0.500000,0.000000,飛,10.750000,ひよこ,-10.900000
100.00,-0.867722,8.000000,0.000000,0.000000,飛,11.500000,ひよこ,-11.500000
