blackAdvantagePercent,spearmanCorrelation,meanAbsoluteRankError,averageTop8Retention,eloTop1OverallTop1ProbabilityPercent,mostPenalizedParticipant,mostPenalizedDelta,mostAdvantagedParticipant,mostAdvantagedDelta
50.00,0.929412,1.631250,7.000000,10.000000,飛,2.950000,ひよこ,-3.250000
60.00,0.961765,1.631250,6.100000,20.000000,飛,2.700000,ひよこ,-2.400000
70.00,0.873529,2.325000,5.600000,30.000000,金,4.600000,いのしし,-4.700000
80.00,-0.139912,5.462500,3.100000,10.000000,飛,7.000000,うさぎ,-7.850000
90.00,-0.555882,7.850000,0.300000,0.000000,金,9.150000,ひよこ,-10.650000
100.00,-0.867722,8.000000,0.000000,0.000000,飛,11.500000,ひよこ,-11.500000
