blackAdvantagePercent,spearmanCorrelation,meanAbsoluteRankError,averageTop8Retention,eloTop1OverallTop1ProbabilityPercent,mostPenalizedParticipant,mostPenalizedDelta,mostAdvantagedParticipant,mostAdvantagedDelta
50.00,0.838235,1.612500,7.300000,32.500000,きりん,3.850000,ひよこ,-4.000000
60.00,0.985294,1.231250,6.200000,40.000000,角,2.300000,いのしし,-2.650000
70.00,0.693157,3.550000,4.400000,15.000000,飛,6.050000,ねこ,-5.300000
80.00,-0.331126,6.200000,2.500000,0.000000,玉,10.350000,いぬ,-9.100000
90.00,-0.605882,7.837500,0.400000,0.000000,飛,10.800000,ひよこ,-10.100000
100.00,-0.867722,8.000000,0.000000,0.000000,飛,11.500000,ひよこ,-11.500000
