blackAdvantagePercent,spearmanCorrelation,meanAbsoluteRankError,averageTop8Retention,eloTop1OverallTop1ProbabilityPercent,mostPenalizedParticipant,mostPenalizedDelta,mostAdvantagedParticipant,mostAdvantagedDelta
50.00,0.910964,1.668750,6.900000,5.000000,飛,3.800000,ひよこ,-3.300000
60.00,0.926471,1.837500,5.700000,15.000000,飛,3.000000,いのしし,-3.000000
70.00,0.682353,3.118750,4.800000,30.000000,角,6.900000,いのしし,-5.350000
80.00,-0.454746,6.475000,2.200000,0.000000,飛,8.700000,らいおん,-6.950000
90.00,-0.564706,7.662500,0.500000,10.000000,角,10.750000,ひよこ,-10.400000
100.00,-0.867722,8.000000,0.000000,0.000000,飛,11.500000,ひよこ,-11.500000
