blackAdvantagePercent,spearmanCorrelation,meanAbsoluteRankError,averageTop8Retention,eloTop1OverallTop1ProbabilityPercent,mostPenalizedParticipant,mostPenalizedDelta,mostAdvantagedParticipant,mostAdvantagedDelta
50.00,1.000000,1.355380,7.650735,22.805280,йЈ›,2.453059,гЃІг‚€гЃ“,-2.460216
55.00,1.000000,1.328368,7.603614,23.499690,йЈ›,2.422430,гЃІг‚€гЃ“,-2.395050
60.00,1.000000,1.307471,7.554577,23.745161,йЈ›,2.396662,гЃІг‚€гЃ“,-2.396760
65.00,1.000000,1.289007,7.502174,24.586405,йЈ›,2.349117,гЃІг‚€гЃ“,-2.355390
70.00,1.000000,1.281433,7.447446,25.045357,йЈ›,2.341343,гЃІг‚€гЃ“,-2.365687
75.00,1.000000,1.282185,7.389554,25.141827,йЈ›,2.349374,гЃІг‚€гЃ“,-2.335418
80.00,1.000000,1.292017,7.326953,24.976833,йЈ›,2.373427,гЃІг‚€гЃ“,-2.352517
85.00,1.000000,1.324966,7.261126,24.707929,йЈ›,2.409744,гЃІг‚€гЃ“,-2.427379
90.00,1.000000,1.395817,7.189089,23.826714,йЈ›,2.534849,гЃІг‚€гЃ“,-2.521245
evaluationMemo,,,,,,,гЃ‹гЃЄг‚Љи‰ЇгЃ„зµ„гЃїеђ€г‚ЏгЃ›г‚’50гЃ‹г‚‰90гЃѕгЃ§5е€»гЃїгЃ§зўєиЄЌ,
